step,train_loss,train_accuracy,valid_loss,valid_mean_token_accuracy
1,3.89911,0.55556,2.89006,0.11111
2,4.24316,0.44444,,
3,3.63343,0.44444,,
4,4.06337,0.44444,,
5,2.77228,0.66667,,
6,2.9829,0.55556,,
7,3.51203,0.55556,,
8,3.29093,0.44444,,
9,2.56503,0.55556,,
10,3.18853,0.55556,,
11,3.31326,0.55556,,
12,2.59588,0.66667,,
13,2.397,0.55556,,
14,2.41013,0.66667,,
15,2.2457,0.44444,,
16,2.16876,0.55556,,
17,2.09428,0.55556,,
18,1.84595,0.55556,,
19,2.54978,0.44444,,
20,1.27103,0.55556,,
21,1.13087,0.66667,,
22,1.02649,0.55556,,
23,1.36824,0.44444,,
24,0.67405,0.66667,,
25,0.58326,0.66667,,
26,0.39059,0.66667,,
27,0.60594,0.88889,,
28,0.33148,0.88889,,
29,0.09534,1.0,,
30,0.12006,1.0,,
31,0.57605,0.88889,,
32,0.03095,1.0,,
33,0.01224,1.0,,
34,0.00433,1.0,,
35,0.00831,1.0,,
36,0.03863,1.0,,
37,0.97588,0.88889,,
38,0.03652,1.0,,
39,0.21943,0.77778,,
40,0.31763,0.88889,,
41,0.04846,1.0,,
42,0.44448,0.77778,,
43,0.47918,0.88889,,
44,0.00432,1.0,,
45,0.40943,0.88889,,
46,0.76715,0.77778,,
47,0.10579,0.88889,,
48,0.07278,1.0,,
49,0.00173,1.0,,
50,0.26838,0.88889,,
51,0.20029,0.88889,,
52,0.26803,0.88889,,
53,0.94889,0.88889,,
54,0.04627,1.0,,
55,0.00455,1.0,,
56,0.59239,0.77778,,
57,0.0102,1.0,,
58,0.22106,0.88889,,
59,0.01317,1.0,,
60,0.03043,1.0,,
61,0.09345,1.0,,
62,0.02668,1.0,,
63,0.3206,0.88889,,
64,0.01627,1.0,,
65,0.00059,1.0,,
66,0.92067,0.88889,,
67,0.29479,0.88889,,
68,0.0043,1.0,,
69,0.16275,0.88889,,
70,0.10953,0.88889,,
71,0.1259,0.88889,,
72,0.00262,1.0,,
73,0.00169,1.0,,
74,0.8176,0.88889,,
75,1.30328,0.77778,,
76,0.00963,1.0,,
77,0.3677,0.88889,,
78,0.00019,1.0,,
79,1.21185,0.88889,,
80,0.38644,0.88889,,
81,0.22279,0.88889,,
82,0.8577,0.77778,,
83,0.05427,1.0,,
84,0.00404,1.0,,
85,0.00725,1.0,,
86,0.18147,0.88889,,
87,0.80843,0.77778,,
88,0.01638,1.0,,
89,0.19367,0.88889,,
90,0.00059,1.0,,
91,0.03994,1.0,,
92,0.00726,1.0,,
93,0.00192,1.0,,
94,0.06002,1.0,,
95,0.01921,1.0,,
96,8e-05,1.0,,
97,0.98376,0.88889,,
98,0.00077,1.0,,
99,0.00022,1.0,,
100,0.36793,0.88889,,
101,0.00016,1.0,1.11751,0.22222
102,0.0008,1.0,,
103,1.02843,0.88889,,
104,0.00316,1.0,,
105,0.31239,0.88889,,
106,0.00967,1.0,,
107,1.40994,0.88889,,
108,4e-05,1.0,,
109,0.98737,0.88889,,
110,4e-05,1.0,,
111,1.80111,0.77778,,
112,1.3546,0.88889,,
113,0.00012,1.0,,
114,0.87522,0.88889,,
115,0.00243,1.0,,
116,3e-05,1.0,,
117,3e-05,1.0,,
118,2e-05,1.0,,
119,1.07387,0.88889,,
120,6e-05,1.0,,
121,2e-05,1.0,,
122,1.15891,0.88889,,
123,0.00014,1.0,,
124,1.51451,0.88889,,
125,3e-05,1.0,,
126,0.23979,0.88889,,
127,1e-05,1.0,,
128,1e-05,1.0,,
129,0.77419,0.88889,,
130,0.00672,1.0,,
131,1e-05,1.0,,
132,1.74019,0.88889,,
133,1.81108,0.88889,,
134,0.51982,0.88889,,
135,1.9731,0.88889,,
136,0.00125,1.0,,
137,1e-05,1.0,,
138,8e-05,1.0,,
139,0.04051,1.0,,
140,3e-05,1.0,,
141,1e-05,1.0,,
142,0.05077,1.0,,
143,1e-05,1.0,,
144,1e-05,1.0,,
145,1.95706,0.88889,,
146,1.5718,0.88889,,
147,1.78694,0.88889,,
148,0.14294,0.88889,,
149,1.33195,0.88889,,
150,0.00049,1.0,,
151,1.27153,0.88889,,
152,1e-05,1.0,,
153,1e-05,1.0,,
154,1e-05,1.0,,
155,1e-05,1.0,,
156,1.63533,0.88889,,
157,1.74989,0.88889,,
158,0.16621,0.88889,,
159,0.63708,0.88889,,
160,1e-05,1.0,,
161,1.17488,0.88889,,
162,1e-05,1.0,,
163,1e-05,1.0,,
164,1.54829,0.88889,,
165,1e-05,1.0,,
166,1e-05,1.0,,
167,1.68031,0.88889,,
168,0.67086,0.88889,,
169,3.13322,0.77778,,
170,1e-05,1.0,,
171,4e-05,1.0,,
172,0.0,1.0,,
173,1e-05,1.0,,
174,7e-05,1.0,,
175,1e-05,1.0,,
176,8e-05,1.0,,
177,1.91999,0.88889,,
178,2.11866,0.88889,,
179,1.60164,0.88889,,
180,0.0,1.0,,
181,1.53766,0.88889,,
182,0.0,1.0,,
183,0.0,1.0,,
184,3.21699,0.77778,,
185,0.0,1.0,,
186,0.0,1.0,,
187,1.04943,0.88889,,
188,0.0,1.0,,
189,1.64561,0.88889,,
190,0.0,1.0,,
191,0.0,1.0,,
192,1.37154,0.88889,,
193,1.53117,0.88889,,
194,0.11087,0.88889,,
195,1e-05,1.0,,
196,0.0,1.0,,
197,0.0,1.0,,
198,1.48989,0.88889,,
199,0.0,1.0,,
200,1.92264,0.88889,,
201,3.41116,0.66667,0.50362,0.22222
202,0.0,1.0,,
203,1.69043,0.88889,,
204,0.0,1.0,,
205,0.0,1.0,,
206,1.7638,0.88889,,
207,2e-05,1.0,,
208,1.65337,0.88889,,
209,1.51535,0.88889,,
210,0.00011,1.0,,
211,2.48157,0.77778,,
212,0.00014,1.0,,
213,1.46586,0.88889,,
214,0.0,1.0,,
215,1e-05,1.0,,
216,0.00394,1.0,,
217,0.00319,1.0,,
218,0.0,1.0,,
219,0.0,1.0,,
220,1.32006,0.88889,,
221,0.0,1.0,,
222,0.0,1.0,,
223,0.0,1.0,,
224,0.0,1.0,,
225,0.0,1.0,,
226,0.0,1.0,,
227,2.19932,0.88889,,
228,0.0,1.0,,
229,0.0,1.0,,
230,0.0,1.0,,
231,0.0,1.0,,
232,2.3245,0.88889,,
233,0.0,1.0,,
234,2.02912,0.88889,,
235,0.0,1.0,,
236,0.51013,0.88889,,
237,1.75708,0.88889,,
238,2.20822,0.88889,,
239,0.0,1.0,,
240,3.95526,0.77778,,
241,0.0,1.0,,
242,1.26277,0.88889,,
243,0.0,1.0,,
244,1.75396,0.88889,,
245,0.0,1.0,,
246,0.0,1.0,,
247,3.09717,0.77778,,
248,0.0,1.0,,
249,0.0,1.0,,
250,1.40258,0.88889,,
251,0.0,1.0,,
252,0.0,1.0,,
253,0.01736,1.0,,
254,0.0,1.0,,
255,0.0,1.0,,
256,0.0,1.0,,
257,0.0,1.0,,
258,0.0,1.0,,
259,1.43895,0.88889,,
260,1.80643,0.88889,,
261,0.0,1.0,,
262,0.0,1.0,,
263,0.0,1.0,,
264,0.0,1.0,,
265,3.61859,0.77778,,
266,0.0,1.0,,
267,0.0,1.0,,
268,1.76204,0.77778,,
269,1.88891,0.88889,,
270,0.0,1.0,,
271,1.67819,0.88889,,
272,0.0,1.0,,
273,0.0,1.0,,
274,1.69462,0.88889,,
275,0.00057,1.0,,
276,0.0,1.0,,
277,0.0,1.0,,
278,1e-05,1.0,,
279,0.0,1.0,,
280,0.0,1.0,,
281,1.50401,0.88889,,
282,0.0,1.0,,
283,0.0,1.0,,
284,2.16536,0.88889,,
285,1.52968,0.88889,,
286,0.0,1.0,,
287,0.0,1.0,,
288,1.00272,0.88889,,
289,0.0,1.0,,
290,0.0,1.0,,
291,0.0,1.0,,
292,1.85833,0.88889,,
293,1.73528,0.88889,,
294,0.71545,0.88889,,
295,1.75174,0.88889,,
296,1.78364,0.88889,,
297,0.0,1.0,,
298,0.0,1.0,,
299,0.0,1.0,,
300,3.54667,0.77778,,
301,1.48755,0.88889,0.0,0.33333
302,1.46499,0.88889,,
303,0.0,1.0,,
304,2.24883,0.77778,,
305,1e-05,1.0,,
306,0.0,1.0,,
307,0.0,1.0,,
308,0.0,1.0,,
309,1.41509,0.88889,,
310,1e-05,1.0,,
311,3.2184,0.77778,,
312,0.0,1.0,,
313,1.47141,0.88889,,
314,0.0,1.0,,
315,0.0,1.0,,
316,1.85136,0.88889,,
317,1.34246,0.88889,,
318,1.50702,0.88889,,
319,1.4509,0.88889,,
320,1.93248,0.77778,,
321,1.56623,0.88889,,
322,1.5478,0.88889,,
323,1e-05,1.0,,
324,2.61778,0.77778,,
325,0.0,1.0,,
326,1.52682,0.88889,,
327,2.30325,0.77778,,
328,2.26014,0.77778,,
329,0.0001,1.0,,
330,2e-05,1.0,,
331,0.00175,1.0,,
332,0.0042,1.0,,
333,1e-05,1.0,,
334,0.7968,0.88889,,
335,0.00019,1.0,,
336,1e-05,1.0,,
337,0.91847,0.88889,,
338,0.99931,0.88889,,
339,1.26468,0.88889,,
340,1e-05,1.0,,
341,1e-05,1.0,,
342,2e-05,1.0,,
343,1e-05,1.0,,
344,0.0,1.0,,
345,2e-05,1.0,,
346,0.58256,0.88889,,
347,1.22138,0.88889,,
348,0.0,1.0,,
349,0.0,1.0,,
350,0.0,1.0,,
351,0.0,1.0,,
352,1.38283,0.88889,,
353,0.0,1.0,,
354,1.38589,0.88889,,
355,0.71225,0.88889,,
356,0.0,1.0,,
357,0.0,1.0,,
358,0.00637,1.0,,
359,0.0,1.0,,
360,0.0,1.0,,
361,0.0,1.0,,
362,0.0,1.0,,
363,0.0,1.0,,
364,0.0,1.0,,
365,0.0,1.0,,
366,2.09829,0.88889,,
367,0.0,1.0,,
368,0.0,1.0,,
369,2.01025,0.88889,,
370,1.99373,0.88889,,
371,0.0,1.0,,
372,0.0,1.0,,
373,0.0,1.0,,
374,1.99273,0.88889,,
375,0.0,1.0,,
376,0.0,1.0,,
377,0.0,1.0,,
378,0.0,1.0,,
379,0.0,1.0,,
380,0.0,1.0,,
381,0.0,1.0,,
382,0.0,1.0,,
383,1.92747,0.88889,,
384,0.0,1.0,,
385,0.0,1.0,,
386,0.0,1.0,,
387,0.0,1.0,,
388,1.82815,0.88889,,
389,0.0,1.0,,
390,0.0,1.0,,
391,1.85906,0.88889,,
392,1.517,0.88889,,
393,1.67974,0.88889,,
394,1.70867,0.88889,,
395,0.0,1.0,,
396,0.0,1.0,,
397,0.0,1.0,,
398,0.0,1.0,,
399,1.46099,0.88889,,
400,0.0,1.0,,
401,0.0,1.0,0.0,0.33333
402,0.0,1.0,,
403,0.0,1.0,,
404,0.0,1.0,,
405,0.0,1.0,,
406,1.74139,0.88889,,
407,0.24507,0.88889,,
408,0.0,1.0,,
409,0.0,1.0,,
410,1.04732,0.88889,,
411,0.0,1.0,,
412,0.0,1.0,,
413,1.09117,0.88889,,
414,1.87195,0.88889,,
415,0.0,1.0,,
416,0.0,1.0,,
417,0.0,1.0,,
418,0.0,1.0,,
419,0.0,1.0,,
420,0.0,1.0,,
421,0.0,1.0,,
422,1.3154,0.88889,,
423,0.0,1.0,,
424,4.03553,0.77778,,
425,0.0,1.0,,
426,0.0,1.0,,
427,0.0,1.0,,
428,1.84797,0.88889,,
429,0.81106,0.88889,,
430,1.90328,0.88889,,
431,0.0,1.0,,
432,1.75848,0.88889,,
433,0.0,1.0,,
434,0.0,1.0,,
435,0.0,1.0,,
436,1.5992,0.88889,,
437,0.0,1.0,,
438,0.0,1.0,,
439,1.42109,0.88889,,
440,1.43246,0.88889,,
441,0.0,1.0,,
442,0.0,1.0,,
443,0.0,1.0,,
444,0.0,1.0,,
445,0.0,1.0,,
446,1.52079,0.88889,,
447,0.0,1.0,,
448,1.58324,0.88889,,
449,0.0,1.0,,
450,0.0,1.0,,
451,0.0,1.0,,
452,0.0,1.0,,
453,1.42817,0.88889,,
454,3.48911,0.77778,,
455,0.0,1.0,,
456,1.97508,0.88889,,
457,1.55056,0.88889,,
458,1.92502,0.88889,,
459,0.0,1.0,,
460,0.0,1.0,,
461,0.0,1.0,,
462,1.84347,0.88889,,
463,0.0,1.0,,
464,0.0,1.0,,
465,0.0,1.0,,
466,0.0,1.0,,
467,3.36816,0.77778,,
468,1.83655,0.88889,,
469,0.7815,0.88889,,
470,0.0,1.0,,
471,0.0,1.0,,
472,1.26248,0.88889,,
473,0.0,1.0,,
474,0.0,1.0,,
475,0.0,1.0,,
476,0.0,1.0,,
477,0.03382,1.0,,
478,1.32185,0.88889,,
479,0.0,1.0,,
480,0.0,1.0,,
481,1.63803,0.88889,,
482,1.74184,0.88889,,
483,0.0,1.0,,
484,0.00016,1.0,,
485,0.00096,1.0,,
486,0.0,1.0,,
487,0.0,1.0,,
488,0.0,1.0,,
489,1.75807,0.88889,,
490,0.0,1.0,,
491,0.0,1.0,,
492,1.62322,0.88889,,
493,0.0,1.0,,
494,0.0,1.0,,
495,0.0,1.0,,
496,1.89035,0.88889,,
497,0.01533,1.0,,
498,2.84836,0.77778,,
499,0.0,1.0,,
500,0.0,1.0,,
501,0.0,1.0,0.00014,0.33333
502,2.91207,0.77778,,
503,1e-05,1.0,,
504,0.0,1.0,,
505,0.0,1.0,,
506,2e-05,1.0,,
507,2.24276,0.88889,,
508,1.60419,0.88889,,
509,2.06086,0.88889,,
510,3.88442,0.77778,,
511,1.98645,0.88889,,
512,0.0,1.0,,
513,1.8393,0.88889,,
514,2.01553,0.88889,,
515,1.0501,0.88889,,
516,1.69518,0.88889,,
517,0.0,1.0,,
518,0.50882,0.88889,,
519,0.99612,0.88889,,
520,0.66252,0.88889,,
521,0.0,1.0,,
522,0.0,1.0,,
523,0.0,1.0,,
524,0.74922,0.77778,,
525,0.0,1.0,,
526,0.09143,0.88889,,
527,1.63974,0.88889,,
528,0.0,1.0,,
529,0.0,1.0,,
530,0.0,1.0,,
531,1.50546,0.88889,,
532,0.0,1.0,,
533,0.16401,0.88889,,
534,0.0,1.0,,
535,1.85009,0.88889,,
536,0.0,1.0,,
537,0.0,1.0,,
538,0.0,1.0,,
539,0.0,1.0,,
540,0.0,1.0,,
541,0.0,1.0,,
542,0.0,1.0,,
543,0.0,1.0,,
544,0.0,1.0,,
545,0.0,1.0,,
546,1.92904,0.88889,,
547,0.0,1.0,,
548,1.83959,0.88889,,
549,0.0,1.0,,
550,0.0,1.0,,
551,0.0,1.0,,
552,1.06467,0.88889,,
553,5.42259,0.66667,,
554,1.86128,0.88889,,
555,1.65724,0.88889,,
556,0.0,1.0,,
557,1e-05,1.0,,
558,0.0,1.0,,
559,3.1919,0.77778,,
560,0.17555,0.88889,,
561,1.61789,0.88889,,
562,0.0,1.0,,
563,0.0,1.0,,
564,3.04511,0.77778,,
565,0.0,1.0,,
566,1.60964,0.88889,,
567,0.0,1.0,,
568,0.0,1.0,,
569,1.44149,0.88889,,
570,1.74192,0.88889,,
571,0.0,1.0,,
572,1.58566,0.88889,,
573,0.0,1.0,,
574,0.00025,1.0,,
575,0.0,1.0,,
576,0.0,1.0,,
577,0.0,1.0,,
578,1.60382,0.88889,,
579,1.40705,0.88889,,
580,0.0,1.0,,
581,1.56514,0.88889,,
582,0.0,1.0,,
583,0.0,1.0,,
584,2.90951,0.77778,,
585,0.0,1.0,,
586,2.4618,0.77778,,
587,0.0,1.0,,
588,0.0,1.0,,
589,0.0,1.0,,
590,0.0,1.0,,
591,1.47715,0.88889,,
592,0.0,1.0,,
593,1.32247,0.88889,,
594,0.0,1.0,,
595,1.50296,0.88889,,
596,0.0,1.0,,
597,0.0,1.0,,
598,0.0,1.0,,
599,0.0,1.0,,
600,1.28909,0.88889,,
601,0.0,1.0,2.13531,0.22222
602,1.39141,0.88889,,
603,0.0,1.0,,
604,0.0,1.0,,
605,0.0,1.0,,
606,3.46838,0.77778,,
607,0.00011,1.0,,
608,0.0,1.0,,
609,0.0,1.0,,
610,0.0,1.0,,
611,0.0,1.0,,
612,0.0,1.0,,
613,0.0,1.0,,
614,0.0,1.0,,
615,1.77379,0.88889,,
616,0.0,1.0,,
617,0.0,1.0,,
618,2.03179,0.88889,,
619,0.0,1.0,,
620,3.43375,0.77778,,
621,0.0,1.0,,
622,0.0,1.0,,
623,2.00383,0.88889,,
624,3.60415,0.77778,,
625,4.19589,0.77778,,
626,3.20964,0.77778,,
627,0.0,1.0,,
628,9e-05,1.0,,
629,1.97695,0.88889,,
630,1.80951,0.88889,,
631,1.71833,0.88889,,
632,1.78647,0.88889,,
633,0.0,1.0,,
634,0.0,1.0,,
635,0.0,1.0,,
636,0.0,1.0,,
637,0.0,1.0,,
638,0.0,1.0,,
639,0.0,1.0,,
640,1.16608,0.88889,,
641,0.0,1.0,,
642,0.0,1.0,,
643,0.0,1.0,,
644,0.0,1.0,,
645,0.0,1.0,,
646,0.0,1.0,,
647,0.0,1.0,,
648,0.0,1.0,,
649,1.47045,0.88889,,
650,0.0,1.0,,
651,1.76508,0.88889,,
652,1.18326,0.88889,,
653,1.50996,0.88889,,
654,0.0,1.0,,
655,0.0,1.0,,
656,1.67768,0.88889,,
657,0.0,1.0,,
658,1.33782,0.88889,,
659,0.0,1.0,,
660,0.00614,1.0,,
661,0.0,1.0,,
662,0.0,1.0,,
663,0.0,1.0,,
664,0.0,1.0,,
665,0.0,1.0,,
666,2.11142,0.88889,,
667,1e-05,1.0,,
668,0.0,1.0,,
669,0.0,1.0,,
670,2.55633,0.77778,,
671,0.0,1.0,,
672,1.96402,0.88889,,
673,0.0,1.0,,
674,2e-05,1.0,,
675,0.0,1.0,,
676,0.0,1.0,,
677,1.26933,0.88889,,
678,1.75087,0.88889,,
679,0.0,1.0,,
680,1.52333,0.88889,,
681,0.0,1.0,,
682,0.0,1.0,,
683,0.0,1.0,,
684,0.0,1.0,,
685,0.00011,1.0,,
686,0.0,1.0,,
687,0.0,1.0,,
688,0.0,1.0,,
689,0.0,1.0,,
690,0.0,1.0,,
691,0.0,1.0,,
692,0.0,1.0,,
693,0.0,1.0,,
694,0.0,1.0,,
695,0.0,1.0,,
696,0.0,1.0,,
697,0.0,1.0,,
698,0.0,1.0,,
699,0.5752,0.88889,,
700,1.83088,0.88889,,
701,6e-05,1.0,0.0,0.33333
702,0.0,1.0,,
703,0.0,1.0,,
704,0.0,1.0,,
705,1.84234,0.88889,,
706,2.04481,0.88889,,
707,2.08791,0.88889,,
708,0.0,1.0,,
709,0.0,1.0,,
710,0.95604,0.88889,,
711,0.0,1.0,,
712,1.83433,0.88889,,
713,3.13744,0.77778,,
714,0.0,1.0,,
715,2e-05,1.0,,
716,1.69362,0.88889,,
717,0.01307,1.0,,
718,0.0,1.0,,
719,0.0,1.0,,
720,0.0,1.0,,
721,0.0,1.0,,
722,0.0,1.0,,
723,1.50694,0.88889,,
724,0.0,1.0,,
725,0.0,1.0,,
726,1.44181,0.88889,,
727,0.0,1.0,,
728,0.28053,0.88889,,
729,0.0,1.0,,
730,0.50717,0.88889,,
731,0.12863,0.88889,,
732,0.06819,1.0,,
733,0.0,1.0,,
734,1e-05,1.0,,
735,0.74381,0.88889,,
736,0.0,1.0,,
737,0.0,1.0,,
738,0.57022,0.88889,,
739,0.0,1.0,,
740,1.56089,0.88889,,
741,0.0,1.0,,
742,3.19694,0.77778,,
743,0.49158,0.88889,,
744,0.0,1.0,,
745,0.0,1.0,,
746,0.0,1.0,,
747,0.0,1.0,,
748,1.9789,0.88889,,
749,0.00019,1.0,,
750,1.7676,0.77778,,
751,1e-05,1.0,,
752,0.0,1.0,,
753,2.64659,0.77778,,
754,0.0,1.0,,
755,0.0,1.0,,
756,0.0,1.0,,
757,5e-05,1.0,,
758,3e-05,1.0,,
759,0.0,1.0,,
760,0.0,1.0,,
761,0.0,1.0,,
762,0.0,1.0,,
763,0.0,1.0,,
764,0.0,1.0,,
765,0.0,1.0,,
766,0.0,1.0,,
767,1.04303,0.88889,,
768,2e-05,1.0,,
769,0.0,1.0,,
770,1.07301,0.88889,,
771,0.0,1.0,,
772,3.25337,0.77778,,
773,0.0,1.0,,
774,0.0,1.0,,
775,2.05464,0.88889,,
776,1.60879,0.88889,,
777,0.0,1.0,,
778,0.0,1.0,,
779,1.1004,0.88889,,
780,1.70442,0.88889,,
781,1.39816,0.88889,,
782,0.29666,0.88889,,
783,0.0,1.0,,
784,2.1776,0.88889,,
785,0.0,1.0,,
786,0.05152,1.0,,
787,0.0,1.0,,
788,0.00139,1.0,,
789,0.0,1.0,,
790,0.0,1.0,,
791,1.33602,0.88889,,
792,0.0,1.0,,
793,0.0,1.0,,
794,0.0,1.0,,
795,0.0,1.0,,
796,0.0,1.0,,
797,0.0,1.0,,
798,1.75426,0.88889,,
799,1.85197,0.88889,,
800,1.67249,0.88889,,
801,1.6201,0.88889,0.0,0.33333
802,0.0,1.0,,
803,3.11991,0.66667,,
804,0.0,1.0,,
805,0.0,1.0,,
806,0.0,1.0,,
807,1.74154,0.88889,,
808,0.0,1.0,,
809,2.46243,0.77778,,
810,0.0,1.0,,
811,1.24692,0.88889,,
812,1.38771,0.88889,,
813,0.0,1.0,,
814,0.0,1.0,,
815,1.89512,0.88889,,
816,0.0,1.0,,
817,1.37181,0.88889,,
818,0.0,1.0,,
819,2.84105,0.77778,,
820,0.0,1.0,,
821,0.00024,1.0,,
822,0.0,1.0,,
823,0.89487,0.88889,,
824,0.0,1.0,,
825,1.78332,0.88889,,
826,0.0,1.0,,
827,1.3721,0.88889,,
828,1.6928,0.88889,,
829,0.01539,1.0,,
830,1.68765,0.88889,,
831,0.63818,0.88889,,
832,0.0,1.0,,
833,0.0,1.0,,
834,0.1111,0.88889,,
835,2.42449,0.77778,,
836,2.92054,0.77778,,
837,0.0,1.0,,
838,0.0,1.0,,
839,0.0,1.0,,
840,1.14049,0.88889,,
841,1.38185,0.88889,,
842,1.42464,0.88889,,
843,1.68111,0.88889,,
844,1.43053,0.88889,,
845,0.0,1.0,,
846,0.0,1.0,,
847,0.0,1.0,,
848,0.0,1.0,,
849,0.02952,1.0,,
850,0.0,1.0,,
851,1.23844,0.88889,,
852,0.0,1.0,,
853,1.61596,0.88889,,
854,1.03556,0.88889,,
855,0.0,1.0,,
856,0.32734,0.88889,,
857,0.0,1.0,,
858,0.0,1.0,,
859,0.0,1.0,,
860,0.84352,0.88889,,
861,0.0,1.0,,
862,0.00132,1.0,,
863,1.61725,0.88889,,
864,0.0,1.0,,
865,0.0,1.0,,
866,0.0,1.0,,
867,0.0,1.0,,
868,1.36463,0.88889,,
869,0.0,1.0,,
870,0.0,1.0,,
871,0.0,1.0,,
872,0.0,1.0,,
873,0.0,1.0,,
874,0.0,1.0,,
875,0.0,1.0,,
876,0.0,1.0,,
877,0.0,1.0,,
878,0.0,1.0,,
879,0.0,1.0,,
880,0.0,1.0,,
881,0.0,1.0,,
882,0.0,1.0,,
883,0.0,1.0,,
884,0.0,1.0,,
885,1.68975,0.88889,,
886,0.0,1.0,,
887,0.0,1.0,,
888,2.10133,0.88889,,
889,2.16678,0.88889,,
890,0.0,1.0,,
891,0.0,1.0,,
892,0.0,1.0,,
893,1.69289,0.88889,,
894,1.92948,0.88889,,
895,0.0,1.0,,
896,0.0,1.0,,
897,0.0,1.0,,
898,0.0,1.0,,
899,1.85465,0.88889,,
900,1.79314,0.77778,,
901,1.81713,0.88889,0.0,0.33333
902,0.0,1.0,,
903,0.00126,1.0,,
904,1.29468,0.88889,,
905,0.0,1.0,,
906,1.65286,0.88889,,
907,0.02191,1.0,,
908,0.0,1.0,,
909,1.77648,0.88889,,
910,0.0,1.0,,
911,1.45582,0.88889,,
912,0.0,1.0,,
913,0.0,1.0,,
914,0.0,1.0,,
915,0.02519,1.0,,
916,1.15058,0.88889,,
917,0.33121,0.88889,,
918,0.0,1.0,,
919,0.0,1.0,,
920,0.0,1.0,,
921,1.84557,0.88889,,
922,0.0,1.0,,
923,0.0,1.0,,
924,0.0,1.0,,
925,0.0,1.0,,
926,0.0,1.0,,
927,0.0,1.0,,
928,0.0,1.0,,
929,0.0,1.0,,
930,1.21509,0.88889,,
931,0.0,1.0,,
932,1.8817,0.88889,,
933,0.0,1.0,,
934,0.0,1.0,,
935,1.93191,0.88889,,
936,1.90082,0.88889,,
937,0.0,1.0,,
938,1.7071,0.88889,,
939,0.0,1.0,,
940,3.48783,0.77778,,
941,0.0,1.0,,
942,3.13346,0.77778,,
943,0.00014,1.0,,
944,0.67598,0.88889,,
945,0.0,1.0,,
946,0.0,1.0,,
947,1.51998,0.88889,,
948,0.11162,0.88889,,
949,2.88916,0.77778,,
950,0.0,1.0,,
951,1.69654,0.88889,,
952,0.0,1.0,,
953,0.0,1.0,,
954,0.24898,0.88889,,
955,0.0,1.0,,
956,1.18139,0.88889,,
957,0.0,1.0,,
958,1.71289,0.88889,,
959,2.79231,0.77778,,
960,0.0,1.0,,
961,0.0,1.0,,
962,0.0,1.0,,
963,0.0,1.0,,
964,1.03161,0.88889,,
965,1.10986,0.88889,,
966,0.0,1.0,,
967,0.00215,1.0,,
968,1.45069,0.88889,,
969,0.0,1.0,,
970,0.0,1.0,,
971,0.0,1.0,,
972,0.0,1.0,,
973,1.85664,0.88889,,
974,1.06632,0.88889,,
975,0.0,1.0,,
976,1.19203,0.88889,,
977,0.0,1.0,,
978,1.79713,0.88889,,
979,1.84892,0.88889,,
980,1.8796,0.77778,,
981,0.76913,0.88889,,
982,0.0,1.0,,
983,0.0,1.0,,
984,0.0,1.0,,
985,0.0,1.0,,
986,0.0,1.0,,
987,0.86122,0.88889,,
988,4e-05,1.0,,
989,0.0,1.0,,
990,1.73441,0.88889,,
991,1.23217,0.88889,,
992,1.7374,0.88889,,
993,0.0,1.0,,
994,1.804,0.88889,,
995,0.00493,1.0,,
996,0.0,1.0,,
997,1.17642,0.88889,,
998,0.0,1.0,,
999,0.0,1.0,,
1000,0.0,1.0,,
1001,0.0,1.0,1.78054,0.22222
1002,1e-05,1.0,,
1003,0.0,1.0,,
1004,0.0,1.0,,
1005,0.0,1.0,,
1006,1.86403,0.88889,,
1007,0.0,1.0,,
1008,0.80282,0.88889,,
1009,0.0,1.0,,
1010,1.68343,0.88889,,
1011,0.0,1.0,,
1012,0.0,1.0,,
1013,0.0,1.0,,
1014,0.0,1.0,,
1015,0.0,1.0,,
1016,0.0,1.0,,
1017,0.0,1.0,,
1018,0.0,1.0,,
1019,0.59107,0.88889,,
1020,3.96936,0.77778,,
1021,0.0,1.0,,
1022,0.0,1.0,,
1023,0.0,1.0,,
1024,0.00049,1.0,,
1025,1.05289,0.88889,,
1026,0.0,1.0,,
1027,0.0,1.0,,
1028,0.0,1.0,,
1029,1e-05,1.0,,
1030,1.81076,0.88889,,
1031,0.0,1.0,,
1032,0.0,1.0,,
1033,7e-05,1.0,,
1034,2.14434,0.88889,,
1035,0.0,1.0,,
1036,1.53955,0.88889,,
1037,0.07719,0.88889,,
1038,0.0,1.0,,
1039,0.0,1.0,,
1040,0.0,1.0,,
1041,1.74722,0.88889,,
1042,0.0,1.0,,
1043,1.84694,0.88889,,
1044,0.0,1.0,,
1045,1.47812,0.88889,,
1046,0.0,1.0,,
1047,0.0,1.0,,
1048,0.0,1.0,,
1049,2e-05,1.0,,
1050,0.0,1.0,,
1051,0.0,1.0,,
1052,0.0,1.0,,
1053,0.0,1.0,,
1054,0.0,1.0,,
1055,0.51462,0.88889,,
1056,0.0,1.0,,
1057,0.0,1.0,,
1058,0.0,1.0,,
1059,0.0,1.0,,
1060,0.0,1.0,,
1061,0.0,1.0,,
1062,0.0,1.0,,
1063,0.0,1.0,,
1064,2.0203,0.88889,,
1065,0.0,1.0,,
1066,0.0,1.0,,
1067,1.82825,0.88889,,
1068,0.0,1.0,,
1069,1.75274,0.88889,,
1070,1e-05,1.0,,
1071,0.0,1.0,,
1072,1.44117,0.88889,,
1073,0.0,1.0,,
1074,0.0,1.0,,
1075,0.0,1.0,,
1076,0.0,1.0,,
1077,0.0,1.0,,
1078,0.0,1.0,,
1079,0.0,1.0,,
1080,0.0,1.0,,
1081,1.71625,0.88889,,
1082,0.0,1.0,,
1083,0.0,1.0,,
1084,1e-05,1.0,,
1085,4.02219,0.77778,,
1086,0.0,1.0,,
1087,0.00198,1.0,,
1088,1.94352,0.88889,,
1089,1.52064,0.88889,,
1090,0.0,1.0,,
1091,0.0,1.0,,
1092,1.80621,0.88889,,
1093,0.0,1.0,,
1094,1.43271,0.88889,,
1095,0.0,1.0,,
1096,0.0,1.0,,
1097,0.0,1.0,,
1098,1.66055,0.88889,,
1099,0.0,1.0,,
1100,0.0,1.0,,
1101,3.24412,0.77778,1.67618,0.22222
1102,1.51085,0.88889,,
1103,0.00056,1.0,,
1104,0.0,1.0,,
1105,0.0,1.0,,
1106,1.36376,0.88889,,
1107,0.0,1.0,,
1108,0.0,1.0,,
1109,1.71058,0.88889,,
1110,0.96246,0.88889,,
1111,0.0,1.0,,
1112,1.80422,0.88889,,
1113,0.0,1.0,,
1114,0.0,1.0,,
1115,1.42832,0.88889,,
1116,0.0,1.0,,
1117,0.0,1.0,,
1118,0.0,1.0,,
1119,0.0,1.0,,
1120,0.55557,0.88889,,
1121,0.00012,1.0,,
1122,0.0,1.0,,
1123,0.0,1.0,,
1124,0.0,1.0,,
1125,0.0,1.0,,
1126,0.0,1.0,,
1127,0.0,1.0,,
1128,0.0,1.0,,
1129,1.78353,0.88889,,
1130,3.2648,0.77778,,
1131,0.0,1.0,,
1132,0.0,1.0,,
1133,1.68513,0.88889,,
1134,0.0,1.0,,
1135,0.0,1.0,,
1136,1.93419,0.88889,,
1137,0.13917,0.88889,,
1138,0.0,1.0,,
1139,2.02117,0.88889,,
1140,1.99441,0.88889,,
1141,0.0,1.0,,
1142,0.0,1.0,,
1143,3.17298,0.77778,,
1144,0.0,1.0,,
1145,0.0,1.0,,
1146,0.0,1.0,,
1147,1.77419,0.88889,,
1148,0.0,1.0,,
1149,0.0,1.0,,
1150,1.3058,0.88889,,
1151,0.0,1.0,,
1152,0.0,1.0,,
1153,0.0,1.0,,
1154,0.0,1.0,,
1155,0.0,1.0,,
1156,1.20803,0.88889,,
1157,1.82144,0.88889,,
1158,1.8469,0.88889,,
1159,0.74208,0.88889,,
1160,0.0,1.0,,
1161,0.0,1.0,,
1162,0.0,1.0,,
1163,1.36209,0.88889,,
1164,0.0,1.0,,
1165,1.85691,0.88889,,
1166,1e-05,1.0,,
1167,0.0,1.0,,
1168,0.0,1.0,,
1169,0.0,1.0,,
1170,0.0,1.0,,
1171,0.0,1.0,,
1172,0.31793,0.88889,,
1173,0.0,1.0,,
1174,1.7709,0.88889,,
1175,3e-05,1.0,,
1176,0.0,1.0,,
1177,1.72097,0.88889,,
1178,0.0,1.0,,
1179,0.0,1.0,,
1180,0.0,1.0,,
1181,1.73421,0.88889,,
1182,0.0,1.0,,
1183,0.0,1.0,,
1184,0.0,1.0,,
1185,0.0,1.0,,
1186,0.0,1.0,,
1187,0.0,1.0,,
1188,0.0,1.0,,
1189,1.88791,0.88889,,
1190,0.0,1.0,,
1191,0.0,1.0,,
1192,3.22066,0.77778,,
1193,0.0,1.0,,
1194,1.5597,0.88889,,
1195,1.77237,0.88889,,
1196,0.0,1.0,,
1197,0.0,1.0,,
1198,1.46901,0.88889,,
1199,2e-05,1.0,,
1200,0.0,1.0,,
1201,0.00226,1.0,0.0,0.33333
1202,0.0,1.0,,
1203,0.0,1.0,,
1204,0.0,1.0,,
1205,0.0,1.0,,
1206,0.0,1.0,,
1207,0.0,1.0,,
1208,0.0,1.0,,
1209,1.36516,0.88889,,
1210,0.0,1.0,,
1211,0.0,1.0,,
1212,1.2278,0.88889,,
1213,3.44211,0.77778,,
1214,0.0,1.0,,
1215,1.83866,0.88889,,
1216,0.0,1.0,,
1217,0.0,1.0,,
1218,1.67777,0.88889,,
1219,0.0,1.0,,
1220,1.89036,0.88889,,
1221,0.0,1.0,,
1222,0.01622,1.0,,
1223,1.72359,0.88889,,
1224,0.0,1.0,,
1225,0.00014,1.0,,
1226,0.0,1.0,,
1227,0.0,1.0,,
1228,1.67089,0.88889,,
1229,0.0,1.0,,
1230,1.49709,0.88889,,
1231,0.0,1.0,,
1232,0.0,1.0,,
1233,0.0,1.0,,
1234,1.82853,0.88889,,
1235,0.0,1.0,,
1236,1.77156,0.88889,,
1237,1.7556,0.88889,,
1238,2.90261,0.77778,,
1239,0.86781,0.88889,,
1240,0.0,1.0,,
1241,0.0,1.0,,
1242,0.0,1.0,,
1243,0.67879,0.88889,,
1244,0.0,1.0,,
1245,0.0,1.0,,
1246,0.0,1.0,,
1247,0.0,1.0,,
1248,0.0,1.0,,
1249,0.0,1.0,,
1250,0.0,1.0,,
1251,0.0,1.0,,
1252,0.0,1.0,,
1253,0.0,1.0,,
1254,0.0,1.0,,
1255,0.0,1.0,,
1256,0.0,1.0,,
1257,0.0,1.0,,
1258,0.0,1.0,,
1259,0.0,1.0,,
1260,0.0,1.0,,
1261,0.0,1.0,,
1262,0.0,1.0,,
1263,0.0,1.0,,
1264,0.0,1.0,,
1265,0.0,1.0,,
1266,2.16747,0.88889,,
1267,2.40937,0.88889,,
1268,0.0,1.0,,
1269,0.0,1.0,,
1270,0.0,1.0,,
1271,0.0,1.0,,
1272,0.0,1.0,,
1273,0.0,1.0,,
1274,0.0,1.0,,
1275,0.0,1.0,,
1276,2.17138,0.88889,,
1277,2.04032,0.88889,,
1278,0.0,1.0,,
1279,0.0,1.0,,
1280,0.0,1.0,,
1281,0.0,1.0,,
1282,0.0,1.0,,
1283,1.30107,0.88889,,
1284,0.0,1.0,,
1285,1.89101,0.88889,,
1286,1.47734,0.88889,,
1287,1.87218,0.88889,,
1288,0.0,1.0,,
1289,0.0,1.0,,
1290,1.77515,0.88889,,
1291,0.0,1.0,,
1292,0.0,1.0,,
1293,0.0,1.0,,
1294,0.0,1.0,,
1295,0.0,1.0,,
1296,0.0,1.0,,
1297,0.0,1.0,,
1298,0.0,1.0,,
1299,0.0,1.0,,
1300,0.0,1.0,,
1301,0.0,1.0,3.44453,0.11111
1302,0.0,1.0,,
1303,0.0,1.0,,
1304,0.0,1.0,,
1305,0.0,1.0,,
1306,3.54643,0.77778,,
1307,1.10012,0.77778,,
1308,0.0,1.0,,
1309,0.0,1.0,,
1310,0.0,1.0,,
1311,2.1087,0.88889,,
1312,0.0,1.0,,
1313,1.65334,0.88889,,
1314,0.0,1.0,,
1315,0.0,1.0,,
1316,0.0,1.0,,
1317,0.0,1.0,,
1318,0.0,1.0,,
1319,0.0,1.0,,
1320,0.0,1.0,,
1321,0.0,1.0,,
1322,1.76545,0.88889,,
1323,0.0,1.0,,
1324,0.0,1.0,,
1325,1.74113,0.88889,,
1326,0.75228,0.88889,,
1327,1.53758,0.88889,,
1328,0.0,1.0,,
1329,0.0,1.0,,
1330,0.0,1.0,,
1331,0.0,1.0,,
1332,0.0,1.0,,
1333,0.0,1.0,,
1334,2.05002,0.88889,,
1335,0.0,1.0,,
1336,0.0,1.0,,
1337,9e-05,1.0,,
1338,4e-05,1.0,,
1339,0.0,1.0,,
1340,0.0,1.0,,
1341,0.0,1.0,,
1342,0.0,1.0,,
1343,0.0,1.0,,
1344,0.0,1.0,,
1345,0.0,1.0,,
1346,0.0,1.0,,
1347,1.23664,0.88889,,
1348,1.88993,0.88889,,
1349,1.24954,0.88889,,
1350,0.0,1.0,,
1351,0.0,1.0,,
1352,1.47846,0.88889,,
1353,0.0,1.0,,
1354,0.0,1.0,,
1355,0.0,1.0,,
1356,1.90738,0.88889,,
1357,0.0,1.0,,
1358,1.68098,0.88889,,
1359,0.0,1.0,,
1360,0.0,1.0,,
1361,0.0,1.0,,
1362,0.0,1.0,,
1363,0.0,1.0,,
1364,0.0,1.0,,
1365,0.0,1.0,,
1366,0.0,1.0,,
1367,2.02601,0.88889,,
1368,0.0,1.0,,
1369,0.0,1.0,,
1370,1.82648,0.88889,,
1371,0.0,1.0,,
1372,0.0,1.0,,
1373,1.63438,0.88889,,
1374,0.0,1.0,,
1375,0.0,1.0,,
1376,0.0,1.0,,
1377,0.0003,1.0,,
1378,0.0,1.0,,
1379,0.24746,0.88889,,
1380,1.50753,0.88889,,
1381,0.0,1.0,,
1382,0.0,1.0,,
1383,1e-05,1.0,,
1384,0.0,1.0,,
1385,0.0,1.0,,
1386,0.0,1.0,,
1387,0.0,1.0,,
1388,0.0,1.0,,
1389,0.0,1.0,,
1390,0.0,1.0,,
1391,0.0,1.0,,
1392,0.0,1.0,,
1393,0.0,1.0,,
1394,0.0,1.0,,
1395,0.0,1.0,,
1396,0.0,1.0,,
1397,0.0,1.0,,
1398,0.0,1.0,,
1399,1.65723,0.88889,,
1400,0.0,1.0,,
1401,0.0,1.0,4.15806,0.11111
1402,0.0,1.0,,
1403,0.0,1.0,,
1404,0.0,1.0,,
1405,0.0,1.0,,
1406,0.0,1.0,,
1407,0.0,1.0,,
1408,0.0,1.0,,
1409,0.0,1.0,,
1410,0.0,1.0,,
1411,0.0,1.0,,
1412,2.20407,0.88889,,
1413,0.0,1.0,,
1414,0.0,1.0,,
1415,0.05333,1.0,,
1416,0.0,1.0,,
1417,0.0,1.0,,
1418,0.0,1.0,,
1419,0.0,1.0,,
1420,0.0,1.0,,
1421,0.0,1.0,,
1422,0.0,1.0,,
1423,2.00612,0.88889,,
1424,0.0,1.0,,
1425,0.0,1.0,,
1426,0.0,1.0,,
1427,8e-05,1.0,,
1428,0.0,1.0,,
1429,0.0,1.0,,
1430,0.0,1.0,,
1431,1.33433,0.88889,,
1432,0.0,1.0,,
1433,0.0,1.0,,
1434,0.0,1.0,,
1435,0.0,1.0,,
1436,1.54602,0.88889,,
1437,0.0,1.0,,
1438,0.0,1.0,,
1439,0.0,1.0,,
1440,1.97879,0.88889,,
1441,0.0,1.0,,
1442,0.0,1.0,,
1443,0.0,1.0,,
1444,0.0,1.0,,
1445,1.8948,0.88889,,
1446,1.99333,0.88889,,
1447,0.0,1.0,,
1448,0.0,1.0,,
1449,0.0,1.0,,
1450,0.0,1.0,,
1451,0.7137,0.88889,,
1452,0.0,1.0,,
1453,0.0,1.0,,
1454,0.0,1.0,,
1455,0.09169,0.88889,,
1456,1.06275,0.88889,,
1457,1.73215,0.88889,,
1458,1.75819,0.88889,,
1459,0.0,1.0,,
1460,0.0,1.0,,
1461,0.0,1.0,,
1462,0.0,1.0,,
1463,0.0,1.0,,
1464,1.67605,0.88889,,
1465,0.00011,1.0,,
1466,0.0,1.0,,
1467,2.29561,0.77778,,
1468,0.0,1.0,,
1469,0.0,1.0,,
1470,0.0,1.0,,
1471,0.0,1.0,,
1472,0.0,1.0,,
1473,0.0,1.0,,
1474,0.0,1.0,,
1475,0.0,1.0,,
1476,0.44895,0.88889,,
1477,0.0,1.0,,
1478,0.0,1.0,,
1479,0.0,1.0,,
1480,0.0,1.0,,
1481,1.69197,0.88889,,
1482,1.92408,0.88889,,
1483,0.0,1.0,,
1484,0.0,1.0,,
1485,0.0,1.0,,
1486,0.0,1.0,,
1487,1.75768,0.88889,,
1488,0.0,1.0,,
1489,0.0,1.0,,
1490,1.83722,0.88889,,
1491,0.0,1.0,,
1492,1.66967,0.88889,,
1493,0.0,1.0,,
1494,0.0,1.0,,
1495,0.0,1.0,,
1496,3.76615,0.77778,,
1497,0.0,1.0,,
1498,0.0,1.0,,
1499,0.0,1.0,,
1500,1.67942,0.88889,,
1501,0.0,1.0,0.0,0.33333
1502,0.0,1.0,,
1503,0.0,1.0,,
1504,0.0,1.0,,
1505,0.0,1.0,,
1506,0.0,1.0,,
1507,0.0,1.0,,
1508,0.0,1.0,,
1509,0.0,1.0,,
1510,0.0,1.0,,
1511,0.0,1.0,,
1512,1.61549,0.88889,,
1513,1.90287,0.88889,,
1514,0.0,1.0,,
1515,0.0,1.0,,
1516,0.0,1.0,,
1517,0.0,1.0,,
1518,0.0,1.0,,
1519,0.0,1.0,,
1520,0.0,1.0,,
1521,0.0,1.0,,
1522,0.43638,0.88889,,
1523,0.0,1.0,,
1524,0.0,1.0,,
1525,0.0,1.0,,
1526,0.0,1.0,,
1527,1.96552,0.88889,,
1528,0.0,1.0,,
1529,0.0,1.0,,
1530,0.0,1.0,,
1531,0.00652,1.0,,
1532,0.0,1.0,,
1533,0.0,1.0,,
1534,0.0,1.0,,
1535,0.0,1.0,,
1536,0.003,1.0,,
1537,0.0,1.0,,
1538,0.0,1.0,,
1539,1.85426,0.88889,,
1540,0.0,1.0,,
1541,1.93296,0.88889,,
1542,1e-05,1.0,,
1543,0.0,1.0,,
1544,2.01117,0.88889,,
1545,0.0,1.0,,
1546,2.15142,0.88889,,
1547,1.82768,0.88889,,
1548,0.0,1.0,,
1549,0.0,1.0,,
1550,3.79601,0.77778,,
1551,1.47457,0.88889,,
1552,0.0,1.0,,
1553,1.69108,0.88889,,
1554,0.0,1.0,,
1555,1e-05,1.0,,
1556,1e-05,1.0,,
1557,0.0,1.0,,
1558,0.0,1.0,,
1559,0.0,1.0,,
1560,0.0,1.0,,
1561,0.0,1.0,,
1562,0.0,1.0,,
1563,0.0,1.0,,
1564,0.0,1.0,,
1565,0.0,1.0,,
1566,2.85529,0.77778,,
1567,0.0,1.0,,
1568,0.0,1.0,,
1569,0.0,1.0,,
1570,0.0,1.0,,
1571,0.0,1.0,,
1572,0.0,1.0,,
1573,0.0,1.0,,
1574,1.75899,0.88889,,
1575,1.8239,0.88889,,
1576,0.0,1.0,,
1577,0.0,1.0,,
1578,0.0,1.0,,
1579,0.0,1.0,,
1580,0.0,1.0,,
1581,1.68207,0.88889,,
1582,2.08592,0.88889,,
1583,1.82071,0.88889,,
1584,0.0,1.0,,
1585,1.63362,0.88889,,
1586,0.0,1.0,,
1587,1.80492,0.88889,,
1588,0.0,1.0,,
1589,0.0,1.0,,
1590,0.0,1.0,,
1591,1.60714,0.88889,,
1592,0.0,1.0,,
1593,4.6461,0.66667,,
1594,0.0,1.0,,
1595,0.0,1.0,,
1596,0.0,1.0,,
1597,0.0,1.0,,
1598,0.00239,1.0,,
1599,0.0,1.0,,
1600,0.0,1.0,,
1601,0.0,1.0,0.0,0.33333
1602,0.0,1.0,,
1603,1.69666,0.88889,,
1604,0.0,1.0,,
1605,0.0,1.0,,
1606,0.0,1.0,,
1607,1.51371,0.88889,,
1608,0.0,1.0,,
1609,0.0,1.0,,
1610,0.0,1.0,,
1611,0.0,1.0,,
1612,0.0,1.0,,
1613,0.0,1.0,,
1614,0.0,1.0,,
1615,0.0,1.0,,
1616,0.0,1.0,,
1617,1.6831,0.88889,,
1618,0.0,1.0,,
1619,0.0,1.0,,
1620,3.28502,0.77778,,
1621,0.0,1.0,,
1622,0.0,1.0,,
1623,0.0,1.0,,
1624,0.0,1.0,,
1625,0.0,1.0,,
1626,0.0,1.0,,
1627,0.0,1.0,,
1628,1.86744,0.88889,,
1629,1.77081,0.88889,,
1630,0.0,1.0,,
1631,1.71755,0.88889,,
1632,0.0,1.0,,
1633,0.0,1.0,,
1634,0.0,1.0,,
1635,0.0,1.0,,
1636,0.0,1.0,,
1637,0.0,1.0,,
1638,1.76598,0.88889,,
1639,1.84726,0.88889,,
1640,3.07053,0.77778,,
1641,1.45615,0.88889,,
1642,0.0,1.0,,
1643,1.79193,0.88889,,
1644,0.0,1.0,,
1645,0.0,1.0,,
1646,0.0,1.0,,
1647,0.0,1.0,,
1648,1.64917,0.88889,,
1649,0.0,1.0,,
1650,0.0,1.0,,
1651,1.5921,0.88889,,
1652,0.0,1.0,,
1653,0.0,1.0,,
1654,1.3913,0.88889,,
1655,1e-05,1.0,,
1656,0.0,1.0,,
1657,0.0,1.0,,
1658,1.68399,0.88889,,
1659,0.0,1.0,,
1660,0.0,1.0,,
1661,0.0,1.0,,
1662,0.0,1.0,,
1663,1.55505,0.88889,,
1664,0.0,1.0,,
1665,1.75985,0.88889,,
1666,1.59574,0.88889,,
1667,0.0,1.0,,
1668,0.0,1.0,,
1669,0.0,1.0,,
1670,0.0,1.0,,
1671,0.0,1.0,,
1672,0.0,1.0,,
1673,0.0,1.0,,
1674,0.0,1.0,,
1675,0.0,1.0,,
1676,0.0,1.0,,
1677,1.64207,0.88889,,
1678,0.0,1.0,,
1679,0.0,1.0,,
1680,3.3992,0.77778,,
1681,0.0,1.0,,
1682,0.0,1.0,,
1683,0.0,1.0,,
1684,0.0,1.0,,
1685,0.0,1.0,,
1686,0.0,1.0,,
1687,0.0,1.0,,
1688,0.0,1.0,,
1689,1.93112,0.88889,,
1690,0.0,1.0,,
1691,0.0,1.0,,
1692,1.78971,0.88889,,
1693,0.235,0.88889,,
1694,0.0,1.0,,
1695,0.0,1.0,,
1696,0.0,1.0,,
1697,1.72508,0.88889,,
1698,0.0,1.0,,
1699,0.0,1.0,,
1700,0.0,1.0,,
1701,0.0,1.0,0.0,0.33333
1702,0.0,1.0,,
1703,1.9247,0.88889,,
1704,1.86091,0.88889,,
1705,0.0,1.0,,
1706,0.0,1.0,,
1707,0.0,1.0,,
1708,0.0,1.0,,
1709,0.0,1.0,,
1710,0.0,1.0,,
1711,0.0,1.0,,
1712,0.0,1.0,,
1713,1.70149,0.88889,,
1714,2.1491,0.77778,,
1715,0.0,1.0,,
1716,0.0,1.0,,
1717,1.17808,0.88889,,
1718,0.0,1.0,,
1719,0.0,1.0,,
1720,0.0,1.0,,
1721,3.48594,0.77778,,
1722,0.0,1.0,,
1723,0.0,1.0,,
1724,1.533,0.88889,,
1725,0.0,1.0,,
1726,0.0,1.0,,
1727,1.71033,0.88889,,
1728,0.0,1.0,,
1729,0.0,1.0,,
1730,1.71765,0.88889,,
1731,1.70428,0.88889,,
1732,0.0,1.0,,
1733,0.0,1.0,,
1734,1.50247,0.88889,,
1735,0.0,1.0,,
1736,0.0,1.0,,
1737,0.0,1.0,,
1738,1.80806,0.88889,,
1739,0.0,1.0,,
1740,0.0,1.0,,
1741,1.4964,0.88889,,
1742,0.0,1.0,,
1743,1.65535,0.88889,,
1744,0.98482,0.88889,,
1745,0.0,1.0,,
1746,0.0,1.0,,
1747,0.0,1.0,,
1748,0.0,1.0,,
1749,0.0,1.0,,
1750,0.0,1.0,,
1751,0.00266,1.0,,
1752,0.0,1.0,,
1753,0.0,1.0,,
1754,0.0,1.0,,
1755,0.0,1.0,,
1756,0.0,1.0,,
1757,0.0,1.0,,
1758,0.0,1.0,,
1759,0.0,1.0,,
1760,0.0,1.0,,
1761,0.0,1.0,,
1762,0.0,1.0,,
1763,0.0,1.0,,
1764,0.0,1.0,,
1765,0.0,1.0,,
1766,0.0,1.0,,
1767,1.83202,0.88889,,
1768,0.0,1.0,,
1769,1.72834,0.88889,,
1770,0.0,1.0,,
1771,1.6244,0.88889,,
1772,0.0,1.0,,
1773,0.0,1.0,,
1774,1.6293,0.88889,,
1775,0.0,1.0,,
1776,1.86046,0.88889,,
1777,0.0,1.0,,
1778,0.0,1.0,,
1779,0.0,1.0,,
1780,0.0,1.0,,
1781,0.0,1.0,,
1782,0.0,1.0,,
1783,0.00111,1.0,,
1784,0.0,1.0,,
1785,0.0,1.0,,
1786,0.0,1.0,,
1787,0.0,1.0,,
1788,0.0,1.0,,
1789,0.0,1.0,,
1790,0.0,1.0,,
1791,0.0,1.0,,
1792,0.0,1.0,,
1793,0.0,1.0,,
1794,3.53701,0.77778,,
1795,1.7566,0.88889,,
1796,1.83958,0.88889,,
1797,0.0,1.0,,
1798,1.78066,0.88889,,
1799,0.0,1.0,,
1800,0.0,1.0,,
1801,0.0,1.0,0.0,0.33333
1802,0.0,1.0,,
1803,0.0,1.0,,
1804,0.0,1.0,,
1805,1.15102,0.88889,,
1806,0.0,1.0,,
1807,1.58332,0.88889,,
1808,0.0,1.0,,
1809,1.59483,0.88889,,
1810,0.0,1.0,,
1811,1.63228,0.88889,,
1812,0.0,1.0,,
1813,0.0,1.0,,
1814,1.86498,0.88889,,
1815,1.86651,0.88889,,
1816,0.931,0.88889,,
1817,0.0,1.0,,
1818,0.0,1.0,,
1819,1.57876,0.88889,,
1820,0.0,1.0,,
1821,0.0,1.0,,
1822,0.0,1.0,,
1823,0.0,1.0,,
1824,1.7309,0.88889,,
1825,1.05169,0.88889,,
1826,0.0,1.0,,
1827,0.0,1.0,,
1828,0.0,1.0,,
1829,0.0,1.0,,
1830,0.0,1.0,,
1831,0.0,1.0,,
1832,0.0,1.0,,
1833,0.0,1.0,,
1834,0.0,1.0,,
1835,1.91827,0.88889,,
1836,0.0,1.0,,
1837,0.0,1.0,,
1838,0.0,1.0,,
1839,0.0,1.0,,
1840,0.0,1.0,,
1841,0.0,1.0,,
1842,0.0,1.0,,
1843,1.75039,0.88889,,
1844,0.0,1.0,,
1845,1.78613,0.88889,,
1846,0.0,1.0,,
1847,0.0,1.0,,
1848,1.85295,0.88889,,
1849,1.74783,0.88889,,
1850,1.78746,0.88889,,
1851,0.0,1.0,,
1852,0.0,1.0,,
1853,0.0,1.0,,
1854,0.0,1.0,,
1855,1.7583,0.88889,,
1856,0.0,1.0,,
1857,0.0,1.0,,
1858,0.0,1.0,,
1859,0.0,1.0,,
1860,0.0,1.0,,
1861,0.0,1.0,,
1862,0.0,1.0,,
1863,0.0,1.0,,
1864,0.0,1.0,,
1865,0.0,1.0,,
1866,0.0,1.0,,
1867,0.0,1.0,,
1868,0.0,1.0,,
1869,0.0,1.0,,
1870,0.0,1.0,,
1871,0.0,1.0,,
1872,0.0,1.0,,
1873,0.0,1.0,,
1874,0.0,1.0,,
1875,0.0,1.0,,
